symbol,,,,
20MICRONS,,,,
21STCENMGM,Financial ServicesFinancial ServicesCapital MarketsOther Capital Market related Services,,,
3IINFOLTD,,,,
3IINFOTECH,,,,
3MINDIA,,,,
3PLAND,Financial Services,Financial Services,Finance,Investment Company
5PAISA,Financial Services,Financial Services,Capital Markets,Stockbroking & Allied
63MOONS,,,,
A2ZINFRA,,,,
AAKASH,,,,
AAREYDRUGS,,,,
AARON,,,,
AARTIDRUGS,,,,
AARTIIND,,,,
AARTISURF,,,,
AARVEEDEN,,,,
AARVI,,,,
AAVAS,Financial ServicesFinancial ServicesFinanceHousing Finance Company,,,
ABAN,,,,
ABB,,,,
ABBOTINDIA,,,,
ABCAPITAL,Financial ServicesFinancial ServicesInsuranceLife Insurance,,,
ABCIL,,,,
ABFRL,,,,
ABFRL-RE,RE,,,
ABGSHIP,,,,
ABHISHEK,,,,
ABIRLANUVO,,,,
ABMINTLLTD,,,,
ABMINTLTD,,,,
ABSLAMC,Financial Services,Financial Services,Capital Markets,Asset Management Company
ABSLBANETF,Financial Services,Financial Services,Capital Markets,Mutual Fund Scheme
ABSLNN50ET,ADITYA BIRLA SUN LIFE NIFTY NEXT 50 ETF,,,
ACC,,,,
ACCELYA,,,,
ACCURACY,,,,
ACE,,,,
ACROPETAL,,,,
ACRYSIL,,,,
ADANIENT,,,,
ADANIGREEN,UtilitiesPowerPowerElectric Utilities,,,
ADANIPORTS,,,,
ADANIPOWER,UtilitiesPowerPowerElectric Utilities,,,
ADANITRANS,Utilities,Power,Power,Power - Transmission
ADFFOODS,,,,
ADHUNIK,,,,
ADL,,,,
ADORWELD,,,,
ADROITINFO,,,,
ADSL,,,,
ADVANIHOTR,,,,
ADVANTA,,,,
ADVENZYMES,,,,
AEGISCHEM,,,,
AETHER,,,,
AFFLE,,,,
AFL-RE,RE,,,
AFTEK,,,,
AGARIND,,,,
AGI,,,,
AGLSL,,,,
AGRITECH,,,,
AGRODUTCH,,,,
AGROPHOS,,,,
AGSTRA,,,,
AHLADA,,,,
AHLEAST,,,,
AHLUCONT,,,,
AHLWEST,,,,
AIAENG,,,,
AICHAMP,,,,
AIFL,,,,
AIRAN,,,,
AIROLAM,,,,
AIRTEL-RE,RE,,,
AJANTPHARM,,,,
AJMERA,,,,
AJOONI,,,,
AJRINFRA,,,,
AKASH,,,,
AKG,,,,
AKSHAR,,,,
AKSHARCHEM,,,,
AKSHOPTFBR,,,,
AKZOINDIA,,,,
ALANKIT,,,,
ALBERTDAVD,,,,
ALBK,ALLAHABAD BANK,,,
ALCHEM,,,,
ALEMBICLTD,,,,
ALFALAVAL,,,,
ALICON,,,,
ALKALI,,,,
ALKEM,,,,
ALKYLAMINE,,,,
ALLCARGO,,,,
ALLSEC,,,,
ALMONDZ,Financial Services,Financial Services,Capital Markets,Stockbroking & Allied
ALOKINDS,,,,
ALOKTEXT,,,,
ALPA,,,,
ALPHAGEO,,,,
ALPINEHOU,,,,
ALPSINDUS,,,,
AMAR,,,,
AMARAJABAT,,,,
AMARJOTHI,,,,
AMBER,,,,
AMBICAAGAR,,,,
AMBIKCO,,,,
AMBUJACEM,,,,
AMDIND,,,,
AMIORG,,,,
AMJLAND,,,,
AMLSTEEL,,,,
AMRUTANJAN,,,,
AMTEKAUTO,,,,
AMTL,SECTOR: POWER - GENERATION & DISTRIBUTION,,,
ANANDRATHI,Financial Services,Financial Services,Capital Markets,Financial Products Distributor
ANANTRAJ,,,,
ANDHRABANK,ANDHRA BANK,,,
ANDHRACEMT,,,,
ANDHRAPAP,,,,
ANDHRSUGAR,,,,
ANDREWYU,,,,
ANGELONE,Financial Services,Financial Services,Capital Markets,Stockbroking & Allied
ANGIND,,,,
ANIKINDS,,,,
ANKITMETAL,,,,
ANKURDRUGS,,,,
ANMOL,,,,
ANSALAPI,,,,
ANSALHSG,,,,
ANTGRAPHIC,,,,
ANUP,,,,
ANURAS,,,,
APARINDS,,,,
APCL,,,,
APCOTEXIND,,,,
APEX,,,,
APLAB,,,,
APLAPOLLO,,,,
APLLTD,,,,
APOLLO,,,,
APOLLOHOSP,,,,
APOLLOPIPE,,,,
APOLLOTYRE,,,,
APOLSINHOT,,,,
APTECHT,,,,
APTUS,Financial ServicesFinancial ServicesFinanceHousing Finance Company,,,
AQUA,,,,
ARCHIDPLY,,,,
ARCHIES,,,,
ARCOTECH,,,,
ARENTERP,,,,
ARIES,,,,
ARIHANT,,,,
ARIHANTCAP,Financial Services,Financial Services,Capital Markets,Stockbroking & Allied
ARIHANTSUP,,,,
ARL,,,,
ARMANFIN,Financial Services,Financial Services,Finance,Non Banking Financial Company (NBFC)
AROGRANITE,,,,
ARROWGREEN,,,,
ARROWTEX,,,,
ARSHIYA,,,,
ARSSINFRA,,,,
ARTEMISMED,,,,
ARTNIRMAN,,,,
ARVEE,,,,
ARVIND,,,,
ARVINDF-RE,RE,,,
ARVINDFASN,,,,
ARVINDREM,,,,
ARVSMART,,,,
ASAHIINDIA,,,,
ASAHISONG,,,,
ASAL,,,,
ASALCBR,,,,
ASHAPURMIN,,,,
ASHCONIUL,,,,
ASHIANA,,,,
ASHIMASYN,,,,
ASHOKA,,,,
ASHOKLEY,,,,
ASIAN-RE,RE,,,
ASIAN-RE1,RE,,,
ASIANELEC,,,,
ASIANENE,,,,
ASIANHOTNR,,,,
ASIANPAINT,,,,
ASIANTILES,,,,
ASIL,,,,
ASPINWALL,,,,
ASSAMCO,,,,
ASTEC,,,,
ASTERDM,,,,
ASTRAL,,,,
ASTRAMICRO,,,,
ASTRAZEN,,,,
ASTRON,,,,
ATFL,,,,
ATGL,,,,
ATLANTA,,,,
ATLASCYCLE,,,,
ATNINTER,Sector: Finance - Investment,,,
ATUL,,,,
ATULAUTO,,,,
AUBANK,Financial Services,Financial Services,Banks,Other Bank
AURIONPRO,,,,
AUROPHARMA,,,,
AURUM,,,,
AURUM-RE,RE,,,
AUSOMENT,,,,
AUSTRAL,,,,
AUTOAXLES,,,,
AUTOBEES,Financial Services,Financial Services,Capital Markets,Mutual Fund Scheme
AUTOIND,,,,
AUTOLITIND,,,,
AVADHSUGAR,,,,
AVANTI,,,,
AVANTIFEED,,,,
AVROIND,,,,
AVTNPL,,,,
AWHCL,Utilities,Utilities,Other Utilities,Waste Management
AWL,,,,
AXISBANK,Financial ServicesFinancial ServicesBanksPrivate Sector Bank,,,
AXISBNKETF,Financial Services,Financial Services,Capital Markets,Mutual Fund Scheme
AXISBPSETF,Financial Services,Financial Services,Capital Markets,Mutual Fund Scheme
AXISCADES,,,,
AXISCETF,Financial Services,Financial Services,Capital Markets,Mutual Fund Scheme
AXISGOLD,Financial Services,Financial Services,Capital Markets,Mutual Fund Scheme
AXISHCETF,Financial Services,Financial Services,Capital Markets,Mutual Fund Scheme
AXISNIFTY,Financial Services,Financial Services,Capital Markets,Mutual Fund Scheme
AXISTECETF,Financial Services,Financial Services,Capital Markets,Mutual Fund Scheme
AXITA,,,,
AYMSYNTEX,,,,
BAFNAPH,,,,
BAFNAPHARM,,,,
BAGFILMS,,,,
BAJAJ-AUTO,,,,
BAJAJCON,,,,
BAJAJELEC,,,,
BAJAJFINSV,NBFC,,,
BAJAJHCARE,,,,
BAJAJHIND,,,,
BAJAJHLDNG,,,,
BAJFINANCE,Financial Services,Financial Services,Finance,Non Banking Financial Company (NBFC)
BALAJITELE,,,,
BALAMINES,,,,
BALAXI,,,,
BALKRISHNA,,,,
BALKRISIND,,,,
BALLARPUR,,,,
BALMLAWRIE,,,,
BALPHARMA,,,,
BALRAMCHIN,,,,
BANARBEADS,,,,
BANARISUG,,,,
BANCOINDIA,,,,
BANDHANBNK,Financial Services,Financial Services,Banks,Private Sector Bank
BANG,,,,
BANKA,,,,
BANKBARODA,Financial ServicesFinancial ServicesBanksPublic Sector Bank,,,
BANKBEES,Financial Services,Financial Services,Capital Markets,Mutual Fund Scheme
BANKINDIA,Financial Services,Financial Services,Banks,Public Sector Bank
BANSWRAS,,,,
BARBEQUE,,,,
BARTRONICS,,,,
BASF,,,,
BASML,,,,
BASML-RE,RE,,,
BATAINDIA,,,,
BATLIBOI,,,,
BAYERCROP,,,,
BBETF0432,EDELWEISS MUTUAL FUND - BHARAT BOND ETF - APRIL 2032 - GROWTH,,,
BBL,,,,
BBOX,,,,
BBTC,,,,
BCG,,,,
BCIL-RE,RE,,,
BCLIND,,,,
BCONCEPTS,,,,
BCP,,,,
BDL,,,,
BEARD-RE,RE,,,
BEARDSELL,,,,
BECREL,,,,
BECTORFOOD,,,,
BEDMUTHA,,,,
BEL,,,,
BELLCERATL,,,,
BEML,,,,
BEPL,,,,
BERGEPAINT,,,,
BESTAGRO,,,,
BFINVEST,,,,
BFUTILITIE,,,,
BGEAR-RE,RE,,,
BGLOBAL,,,,
BGRENERGY,,,,
BHAGCHEM,,,,
BHAGERIA,,,,
BHAGYANGR,,,,
BHAGYAPROP,,,,
BHAGYNAGAR,,,,
BHANDARI,,,,
BHARATFIN,banking & finance company (NBFC),,,
BHARATFORG,,,,
BHARATGEAR,,,,
BHARATIDIL,,,,
BHARATRAS,,,,
BHARATWIRE,,,,
BHARTIARTL,,,,
BHEL,,,,
BIGBLOC,,,,
BIL,,,,
BILENERGY,,,,
BILPOWER,,,,
BIMETAL,,,,
BINANICEM,,,,
BINANIIND,,,,
BINDALAGRO,,,,
BIOCON,,,,
BIOFILCHEM,,,,
BIRLACABLE,,,,
BIRLACORPN,,,,
BIRLACOT,,,,
BIRLAMONEY,Financial Services,Financial Services,Capital Markets,Stockbroking & Allied
BIRLAPOWER,,,,
BIRLATYRE,,,,
BKMINDST,,,,
BLBLIMITED,,,,
BLISSGVS,,,,
BLKASHYAP,,,,
BLS,,,,
BLUEBLENDS,,,,
BLUECHIP,Financial Services - Misc,,,
BLUECOAST,,,,
BLUEDART,,,,
BLUESTARCO,,,,
BLUESTINFO,,,,
BODALCHEM,,,,
BODHTREE,,,,
BOMDYEING,,,,
BOROLTD,,,,
BORORENEW,,,,
BOSCHLTD,,,,
BPCL,,,,
BPL,,,,
BRANDHOUSE,,,,
BRFL,,,,
BRIGADE,,,,
BRITANNIA,,,,
BRNL,,,,
BROADCAST,,,,
BROOKS,,,,
BSE,Financial Services,Financial Services,Capital Markets,Exchange and Data Platform
BSELINFRA,,,,
BSHSL,,,,
BSL,,,,
BSLGOLDETF,ADITYA BIRLA SUN LIFE GOLD ETF - GROWTH,,,
BSLIMITED,,,,
BSLNIFTY,Financial Services,Financial Services,Capital Markets,Mutual Fund Scheme
BSLSENETFG,Financial Services,Financial Services,Capital Markets,Mutual Fund Scheme
BSOFT,,,,
BURNPUR,,,,
BUTTERFLY,,,,
BVCL,,,,
BYKE,,,,
CAIRN,,,,
CALSOFT,,,,
CAMLINFINE,,,,
CAMPUS,,,,
CAMS,Financial Services,Financial Services,Capital Markets,Depositories Clearing Houses and Other Intermediaries
CANBK,Financial Services,Financial Services,Banks,Public Sector Bank
CANDC,,,,
CANFINHOME,Financial Services,Financial Services,Finance,Housing Finance Company
CANTABIL,,,,
CAPACITE,,,,
CAPF,Non-bank financial institution company,,,
CAPLIPOINT,,,,
CAPTRUST,Financial Services,Financial Services,Finance,Non Banking Financial Company (NBFC)
CARBORUNIV,,,,
CAREERP,,,,
CARERATING,,,,
CAROLINFO,,,,
CARTRADE,,,,
CASTEXTECH,,,,
CASTROL,,,,
CASTROLIND,,,,
CCCL,,,,
CCHHL,,,,
CCL,,,,
CDSL,Financial Services,Financial Services,Capital Markets,Depositories Clearing Houses and Other Intermediaries
CEATLTD,,,,
CELEBRITY,,,,
CELESTIAL,,,,
CENTENKA,,,,
CENTEXT,,,,
CENTRALBK,Financial Services,Financial Services,Banks,Public Sector Bank
CENTRUM,Financial Services,Financial Services,Finance,Other Financial Services
CENTUM,,,,
CENTURYPLY,,,,
CENTURYTEX,,,,
CERA,,,,
CEREBRAINT,,,,
CESC,UtilitiesPowerPowerElectric Utilities,,,
CGCL,Financial Services,Financial Services,Finance,Non Banking Financial Company (NBFC)
CGPOWER,,,,
CHALET,,,,
CHAMBLFERT,,,,
CHEMBOND,,,,
CHEMCON,,,,
CHEMFAB,,,,
CHEMFALKAL,,,,
CHEMPLAST,,,,
CHEMPLASTS,,,,
CHENNPETRO,,,,
CHESLINTEX,,,,
CHETTINAD,,,,
CHEVIOT,,,,
CHOICEIN,,,,
CHOLAFIN,Financial Services,Financial Services,Finance,Non Banking Financial Company (NBFC)
CHOLAHLDNG,,,,
CHROMATIC,,,,
CIGNITITEC,,,,
CILNOVA,,,,
CIMMCO,,,,
CINELINE,,,,
CINEMAX,,,,
CINEMAXIN,,,,
CINEVISTA,,,,
CIPLA,,,,
CKFSL,non-banking financial service activities,,,
CLASSIC,,,,
CLEAN,,,,
CLEDUCATE,,,,
CLNINDIA,,,,
CLSEL,,,,
CLUTCHAUTO,,,,
CMAHENDRA,,,,
CMC,,,,
CMICABLES,,,,
CMSINFO,,,,
CNOVAPETRO,,,,
COALINDIA,,,,
COASTCORP,,,,
COCHINSHIP,,,,
COFFEEDAY,,,,
COFORGE,,,,
COLPAL,,,,
COMPINFO,,,,
COMPUAGE,,,,
COMPUSOFT,,,,
CONCOR,,,,
CONFIPET,,,,
CONSOFINVT,Financial Services,Financial Services,Finance,Non Banking Financial Company (NBFC)
CONSUMBEES,Financial Services,Financial Services,Capital Markets,Mutual Fund Scheme
CONTROLPR,,,,
CORAL-HUB,,,,
CORALFINAC,,,,
CORALHUB,,,,
CORDSCABLE,,,,
COREEDUTEC,,,,
COROENGG,,,,
COROMANDEL,,,,
CORPBANK,CORPORATION BANK,,,
COSMOFILMS,,,,
COUNCODOS,,,,
COX&KINGS,,,,
CPSEETF,Financial Services,Financial Services,Capital Markets,Mutual Fund Scheme
CRAFTSMAN,,,,
CREATIVE,,,,
CREATIVEYE,,,,
CREDITACC,Financial Services,Financial Services,Finance,Non Banking Financial Company (NBFC)
CREST,Financial Services,Financial Services,Finance,Non Banking Financial Company (NBFC)
CRESTANI,,,,
CREWBOS,,,,
CRISIL,,,,
CRMFGETF,CANARA ROBECO MUTUAL FUND - CANARA ROBECO - GOLD ETF,,,
CROMPTON,,,,
CROWN,,,,
CSBBANK,Financial Services,Financial Services,Banks,Private Sector Bank
CTE,,,,
CUB,Financial Services,Financial Services,Banks,Private Sector Bank
CUBEXTUB,,,,
CUMMINSIND,,,,
CUPID,,,,
CURATECH,,,,
CYBERMEDIA,,,,
CYBERTECH,,,,
CYIENT,,,,
DAAWAT,,,,
DABUR,,,,
DALBHARAT,,,,
DALMIABHA,,,,
DALMIAREF,,,,
DALMIASUG,,,,
DAMODARIND,,,,
DANGEE,,,,
DATAMATICS,,,,
DATAPATTNS,,,,
DBCORP,,,,
DBL,,,,
DBREALTY,,,,
DBSTOCKBRO,Financial Services,Financial Services,Capital Markets,Stockbroking & Allied
DCAL,,,,
DCBBANK,Financial Services,Financial Services,Banks,Private Sector Bank
DCHL,,,,
DCM,,,,
DCMFINSERV,NBFC,,,
DCMNVL,,,,
DCMSHRIRAM,,,,
DCMSRIND,,,,
DCW,,,,
DECCANCE,,,,
DECOLIGHT,,,,
DEEPAK-RE,RE,,,
DEEPAKFERT,,,,
DEEPAKNTR,,,,
DEEPENR,,,,
DEEPINDS,,,,
DELHIVERY,,,,
DELPHIFX,offers money changing services,,,
DELTACORP,,,,
DELTAMAGNT,,,,
DEN,,,,
DENABANK,DENA BANK,,,
DENORA,,,,
DENSO,,,,
DEVIT,,,,
DEVYANI,,,,
DFMFOODS,,,,
DGCONTENT,,,,
DHAMPURSUG,,,,
DHANBANK,Financial Services,Financial Services,Banks,Private Sector Bank
DHANI,,,,
DHANUKA,,,,
DHANUS,,,,
DHANVARSHA,NBFC ,,,
DHARAMSI,,,,
DHARSUGAR,,,,
DHFL,non-deposit taking housing finance company,,,
DHRUV,,,,
DHUNINV,,,,
DIAMONDYD,,,,
DIAPOWER,,,,
DICIND,,,,
DIGISPICE,,,,
DIGJAM,,,,
DIGJAMLMTD,,,,
DIGJAMLTD,,,,
DIL,,,,
DISHMAN,,,,
DISHTV,,,,
DIVISLAB,,,,
DIVOPPBEES,Financial Services,Financial Services,Capital Markets,Mutual Fund Scheme
DIXON,,,,
DLF,,,,
DLINKINDIA,,,,
DMART,,,,
DNAMEDIA,,,,
DODLA,,,,
DOLATALGO,,,,
DOLLAR,,,,
DOLPHINOFF,,,,
DONEAR,,,,
DPABHUSHAN,,,,
DPSCLTD,Utilities,Power,Power,Electric Utilities
DPWIRES,,,,
DQE,,,,
DRCSYSTEMS,,,,
DRDATSONS,,,,
DREDGECORP,,,,
DRREDDY,,,,
DSKULKARNI,,,,
DSPN50ETF,Financial Services,Financial Services,Capital Markets,Mutual Fund Scheme
DSPNEWETF,Financial Services,Financial Services,Capital Markets,Mutual Fund Scheme
DSPQ50ETF,Financial Services,Financial Services,Capital Markets,Mutual Fund Scheme
DSSL,,,,
DTIL,,,,
DUCON,,,,
DUNCANSIND,,,,
DUNCANSLTD,,,,
DVL,,,,
DWARKESH,,,,
DYNACONS,,,,
DYNAMATECH,,,,
DYNASYS,,,,
DYNPRO,,,,
DYNPRO-RE,RE,,,
E2E,,,,
EASEMYTRIP,,,,
EASTSILK,,,,
EASUNREYRL,,,,
EBANK,EDELWEISS ETF - NIFTY BANK,,,
EBBETF0423,EDELWEISS MUTUAL FUND - BHARAT BOND ETF - APRIL 2023,,,
EBBETF0425,EDELWEISS MUTUAL FUND - BHARAT BOND ETF - APRIL 2025,,,
EBBETF0430,EDELWEISS MUTUAL FUND - BHARAT BOND ETF - APRIL 2030,,,
EBBETF0431,EDELWEISS MUTUAL FUND - BHARAT BOND ETF - APRIL 2031,,,
ECEIND,,,,
ECLERX,,,,
EDELWEISS,EDELWEISS FINANCIAL SERVICES LIMITED,,,
EDL,,,,
EDSERV,,,,
EDUCOMP,,,,
EICHERMOT,,,,
EIDPARRY,,,,
EIFFL,,,,
EIH-RE,RE,,,
EIHAHOTELS,,,,
EIHOTEL,,,,
EIMCOELECO,,,,
EKC,,,,
ELAND,,,,
ELDEHSG,,,,
ELDERPHARM,,,,
ELECON,,,,
ELECTCAST,,,,
ELECTHERM,,,,
ELECTROSL,,,,
ELFORGE,,,,
ELGIEQUIP,,,,
ELGIRUBBER,,,,
ELGIRUBCO,,,,
ELNET,,,,
EMAMILTD,,,,
EMAMIPAP,,,,
EMAMIREAL,,,,
EMCO,,,,
EMKAY,Financial Services,Financial Services,Capital Markets,Stockbroking & Allied
EMMBI,,,,
EMPEESUG,,,,
EMUDHRA,,,,
ENDURANCE,,,,
ENERGYDEV,Utilities,Power,Power,Electric Utilities
ENGINERSIN,,,,
ENIL,,,,
ENTEGRA,,,,
EON,,,,
EONELECT,,,,
EPL,,,,
EQ30,EDELWEISS ETF - NIFTY 100 QUALITY 30,,,
EQUIPPP,,,,
EQUITAS,,,,
EQUITASBNK,Financial Services,Financial Services,Banks,Other Bank
ERAINFRA,,,,
ERIS,,,,
EROSMEDIA,,,,
ESABINDIA,,,,
ESCORTS,,,,
ESL,,,,
ESSAROIL,,,,
ESSARPORTS,,,,
ESSARSHIP,,,,
ESSARSHPNG,,,,
ESSDEE,,,,
ESSEN-RE,RE,,,
ESSENTIA,,,,
ESTER,,,,
ETHOSLTD,,,,
EUROCERA,,,,
EUROMULTI,,,,
EUROTEXIND,,,,
EVEREADY,,,,
EVERESTIND,,,,
EVERONN,,,,
EVINIX,,,,
EXCEL,,,,
EXCELCROP,,,,
EXCELINDUS,,,,
EXIDEIND,,,,
EXPLEOSOL,,,,
EXXARO,,,,
FACT,,,,
FAIRCHEMOR,,,,
FAME,,,,
FARMAXIND,,,,
FCL,,,,
FCONSUMER,,,,
FCSSOFT,,,,
FDC,,,,
FEDDERELEC,,,,
FEDERALBNK,Financial Services,Financial Services,Banks,Private Sector Bank
FEL,,,,
FELDVR,,,,
FIBERWEB,,,,
FIEMIND,,,,
FILATEX,,,,
FINCABLES,,,,
FINEORG,,,,
FINOPB,Financial ServicesFinancial ServicesBanksOther Bank,,,
FINPIPE,,,,
FIRSTLEASE,financial services entity focussed towards Asset Financing for Corporates,,,
FIRSTWIN,,,,
FKONCO,,,,
FLEXITUFF,,,,
FLFL,,,,
FLUOROCHEM,,,,
FMGOETZE,,,,
FMNL,,,,
FOCUS,,,,
FOODSIN,,,,
FORCEMOT,,,,
FORTIS,,,,
FOSECOIND,,,,
FRETAIL,,,,
FSC,,,,
FSL,,,,
FTCPOF5YDV,FRANKLIN TEMPLETON CAPITAL PROTECTION ORIENTED FUND,,,
FTCPOF5YGR,FRANKLIN TEMPLETON CAPITAL PROTECTION ORIENTED FUND,,,
FTCSF5YDIV,FRANKLIN TEMPLETON MUTUAL FUND-CAPITAL SAFETY FUND-5Y DIVIDEND OPTION,,,
FTCSF5YGRO,FRANKLIN TEMPLETON MUTUAL FUND-CAPITAL SAFETY FUND-5Y (GROWTH OPTION),,,
FUTUREVENT,,,,
GABRIEL,,,,
GAEL,,,,
GAIL,,,,
GAL,,,,
GALAXYSURF,,,,
GALLANTT,,,,
GALLISPAT,,,,
GAMMONIND,,,,
GANDHITUBE,,,,
GANECOS,,,,
GANESHBE,,,,
GANESHHOUC,,,,
GANGAFORGE,,,,
GANGESSECU,,,,
GANGOTRI,,,,
GARDENSILK,,,,
GARFIBRES,,,,
GATEWAY,,,,
GATI,,,,
GAYAHWS,,,,
GAYAPROJ,,,,
GBGLOBAL,,,,
GDL,,,,
GDL-RE,RE,,,
GEECEE,,,,
GEEKAYWIRE,,,,
GEINDSYS,,,,
GEMINI,,,,
GENCON,,,,
GENESYS,,,,
GENUSPAPER,,,,
GENUSPOWER,,,,
GEODESIC,,,,
GEOJITFSL,Financial Services,Financial Services,Capital Markets,Stockbroking & Allied
GEOMETRIC,,,,
GEPIL,,,,
GESHIP,,,,
GET&D,,,,
GFLLIMITED,Financial Services,Financial Services,Finance,Holding Company
GFSTEELS,,,,
GHCL,,,,
GICHSGFIN,Financial Services,Financial Services,Finance,Housing Finance Company
GICRE,Financial Services,Financial Services,Insurance,General Insurance
GILLANDERS,,,,
GILLETTE,,,,
GILT5YBEES,Financial Services,Financial Services,Capital Markets,Mutual Fund Scheme
GINNIFILA,,,,
GIPCL,Utilities,Power,Power,Electric Utilities
GISOLUTION,,,,
GITANJALI,,,,
GKB,,,,
GKWLIMITED,,,,
GLAND,,,,
GLAXO,,,,
GLENMARK,,,,
GLFL,Financial Services,Financial Services,Finance,Other Financial Services
GLOBAL,,,,
GLOBALVECT,,,,
GLOBE,,,,
GLOBOFFS,,,,
GLOBUSSPR,,,,
GLODYNE,,,,
GLORY,,,,
GLS,,,,
GMBREW,,,,
GMDCLTD,,,,
GMMPFAUDLR,,,,
GMRINFRA,,,,
GMRP&UI, Power Generation/Distribution,,,
GNA,,,,
GNFC,,,,
GOACARBON,,,,
GOCLCORP,,,,
GOCOLORS,,,,
GODFRYPHLP,,,,
GODHA,,,,
GODREJAGRO,,,,
GODREJCP,,,,
GODREJIND,,,,
GODREJPROP,,,,
GOENKA,,,,
GOKEX,,,,
GOKUL,,,,
GOKULAGRO,,,,
GOLDBEES,Financial Services,Financial Services,Capital Markets,Mutual Fund Scheme
GOLDENTOBC,,,,
GOLDIAM,,,,
GOLDSHARE,Financial Services,Financial Services,Capital Markets,Mutual Fund Scheme
GOLDTECH,,,,
GOODLUCK,,,,
GOODYEAR,,,,
GPIL,,,,
GPPL,,,,
GPTINFRA,,,,
GRABALALK,,,,
GRANULES,,,,
GRAPHITE,,,,
GRASIM,,,,
GRAUWEIL,,,,
GRAVITA,,,,
GREAVESCOT,,,,
GREENLAM,,,,
GREENPANEL,,,,
GREENPLY,,,,
GREENPOWER,Utilities,Power,Power,Electric Utilities
GRINDWELL,,,,
GRINFRA,,,,
GROBTEA,,,,
GRPLTD,,,,
GRSE,,,,
GRUH, Finance - Housing,,,
GRWRHITECH,,,,
GSCLCEMENT,,,,
GSFC,,,,
GSKCONS,,,,
GSLNOVA,,,,
GSPL,,,,
GSS,,,,
GTL,,,,
GTLINFRA,,,,
GTNIND,,,,
GTNTEX,,,,
GTOFFSHORE,,,,
GTPL,,,,
GUFICBIO,,,,
GUJALKALI,,,,
GUJAPOLLO,,,,
GUJGASLTD,,,,
GUJNRECOKE,,,,
GUJNREDVR,,,,
GUJRAFFIA,,,,
GUJRATGAS,,,,
GUJSIDHCEM,,,,
GULFOILCOR,,,,
GULFOILLUB,,,,
GULFPETRO,,,,
GULPOLY,,,,
GVKPIL,Power - Generation & Distribution,,,
HAL,,,,
HANUNG,,,,
HAPPSTMNDS,,,,
HARDWYN,,,,
HARIOMPIPE,,,,
HARITASEAT,,,,
HARRMALAYA,,,,
HATHWAY,,,,
HATSUN,,,,
HAVELLS,,,,
HAVISHA,,,,
HBANKETF,Financial Services,Financial Services,Capital Markets,Mutual Fund Scheme
HBLPOWER,,,,
HBSL,Financial Services,Financial Services,Finance,Non Banking Financial Company (NBFC)
HBSTOCK,Financial Services,Financial Services,Finance,Non Banking Financial Company (NBFC)
HCC,,,,
HCG,,,,
HCL-INSYS,,,,
HCLTECH,,,,
HDFC,Financial Services,Financial Services,Finance,Housing Finance Company
HDFCAMC,Financial Services,Financial Services,Capital Markets,Asset Management Company
HDFCBANK,Financial Services,Financial Services,Banks,Private Sector Bank
HDFCLIFE,Financial Services,Financial Services,Insurance,Life Insurance
HDFCMFGETF,HDFC MUTUAL FUND-HDFC GOLD EXCHANGE TRADED FUND,,,
HDFCNIFETF,Financial Services,Financial Services,Capital Markets,Mutual Fund Scheme
HDFCSENETF,HDFC MUTUAL FUND - HDFC SENSEX ETF,,,
HDIL,,,,
HEALTHY,Financial Services,Financial Services,Capital Markets,Mutual Fund Scheme
HECPROJECT,,,,
HEG,,,,
HEIDELBERG,,,,
HELIOSMATH,,,,
HEMIPROP,,,,
HERANBA,,,,
HERCULES,,,,
HERITGFOOD,,,,
HEROMOTOCO,,,,
HESTERBIO,,,,
HEXATRADEX,,,,
HEXAWARE,,,,
HFCL,,,,
HGINFRA,,,,
HGS,,,,
HIGHGROUND,,,,
HIKAL,,,,
HIL,,,,
HILTON,,,,
HIMACHLFUT,,,,
HIMATSEIDE,,,,
HINDALCO,,,,
HINDCOMPOS,,,,
HINDCON,,,,
HINDCOPPER,,,,
HINDDORROL,,,,
HINDMOTOR,,,,
HINDMOTORS,,,,
HINDNATGLS,,,,
HINDOILEXP,,,,
HINDPETRO,,,,
HINDSYNTEX,,,,
HINDUJAFO,,,,
HINDUNILVR,,,,
HINDWAREAP,,,,
HINDZINC,,,,
HIRAFERRO,,,,
HIRECT,,,,
HISARMETAL,,,,
HITECH,,,,
HITECHCORP,,,,
HITECHGEAR,,,,
HLEGLAS,,,,
HLVLTD,,,,
HMT,,,,
HMVL,,,,
HNDFDS,,,,
HNGSNGBEES,NIPPON INDIA ETF HANG SENG BEES,,,
HOCL,,,,
HOMEFIRST,Financial Services,Financial Services,Finance,Housing Finance Company
HONAUT,,,,
HONDAPOWER,,,,
HOTELRUGBY,,,,
HOVS,,,,
HPAL,,,,
HPL,,,,
HSCL,,,,
HTMEDIA,,,,
HUBTOWN,,,,
HUDCO,Financial Services,Financial Services,Finance,Financial Institution
HUHTAMAKI,,,,
HYDROS&S,,,,
IBMFNIFTY,Financial Services,Financial Services,Capital Markets,Mutual Fund Scheme
IBREALEST,,,,
IBULHSGFIN,Financial Services,Financial Services,Finance,Housing Finance Company
ICDSLTD,non-banking financial services ,,,
ICEMAKE,,,,
ICICI500,ICICI PRUDENTIAL MUTUAL FUND - ICICI PRUDENTIAL S&P BSE 500 ETF - NA,,,
ICICI5GSEC,Financial Services,Financial Services,Capital Markets,Mutual Fund Scheme
ICICIALPLV,Financial Services,Financial Services,Capital Markets,Mutual Fund Scheme
ICICIAUTO,Financial Services,Financial Services,Capital Markets,Mutual Fund Scheme
ICICIB22,ICICI PRUDENTIAL MUTUAL FUND - BHARAT 22 ETF,,,
ICICIBANK,Financial Services,Financial Services,Banks,Private Sector Bank
ICICIBANKN,Financial Services,Financial Services,Capital Markets,Mutual Fund Scheme
ICICIBANKP,ICICI PRUDENTIAL NIFTY PRIVATE BANK ETF - NIFTY PRIVATE BANK INDEX,,,
ICICICONSU,Financial Services,Financial Services,Capital Markets,Mutual Fund Scheme
ICICIFMCG,Financial Services,Financial Services,Capital Markets,Mutual Fund Scheme
ICICIGI,Financial Services,Financial Services,Insurance,General Insurance
ICICIGOLD,ICICI PRUDENTIAL GOLD ETF,,,
ICICILIQ,ICICI PRUDENTIAL S&P BSE LIQUID RATE ETF,,,
ICICILOVOL,ICICI PRUDENTIAL NIFTY 100 LOW VOLATILITY 30 ETF,,,
ICICIM150,ICICI PRUDENTIAL MUTUAL FUND - ICICI PRUDENTIAL NIFTY MIDCAP 150 ETF,,,
ICICIMCAP,ICICI PRUDENTIAL S&P BSE MIDCAP SELECT ETF,,,
ICICINF100,ICICI PRUDENTIAL NIFTY 100 ETF,,,
ICICINIFTY,Financial Services,Financial Services,Capital Markets,Mutual Fund Scheme
ICICINV20,ICICI PRUDENTIAL NIFTY50 VALUE 20 ETF,,,
ICICINXT50,ICICI PRUDENTIAL MUTUAL FUND - ICICI PRUDENTIAL NIFTY NEXT 50 ETF,,,
ICICIPHARM,Financial Services,Financial Services,Capital Markets,Mutual Fund Scheme
ICICIPRULI,Financial Services,Financial Services,Insurance,Life Insurance
ICICISENSX,ICICI PRUDENTIAL S&P BSE SENSEX ETF,,,
ICICISILVE,Financial Services,Financial Services,Capital Markets,Mutual Fund Scheme
ICICITECH,Financial Services,Financial Services,Capital Markets,Mutual Fund Scheme
ICIL,,,,
ICRA,,,,
ICSA,,,,
IDBI,Financial Services,Financial Services,Banks,Private Sector Bank
IDBIGOLD,IDBI MUTUAL FUND - IDBI GOLD EXCHANGE TRADED FUND,,,
IDEA,,,,
IDFC,Financial Services,Financial Services,Banks,Private Sector Bank
IDFCFIRSTB,Financial Services,Financial Services,Finance,Holding Company
IDFNIFTYET,Financial Services,Financial Services,Capital Markets,Mutual Fund Scheme
IEX,Financial Services,Financial Services,Capital Markets,Exchange and Data Platform
IFBAGRO,,,,
IFBIND,,,,
IFCI,Financial Services,Financial Services,Finance,Financial Institution
IFGLEXPOR,,,,
IFGLREFRAC,,,,
IGARASHI,,,,
IGL,,,,
IGPL,,,,
IHCL-RE,RE,,,
IIFL,Financial Services,Financial Services,Finance,Non Banking Financial Company (NBFC)
IIFLNIFTY,IIFL MUTUAL FUND - IIFL NIFTY ETF,,,
IIFLSEC,Financial Services,Financial Services,Capital Markets,Stockbroking & Allied
IIFLWAM,Financial Services,Financial Services,Finance,Other Financial Services
IITL,Financial Services,Financial Services,Finance,Non Banking Financial Company (NBFC)
IL&FSENGG,,,,
IL&FSTRANS,,,,
IMAGICAA,,,,
IMFA,,,,
IMPAL,,,,
IMPEXFERRO,,,,
INCREDIBLE,,,,
INDBANK,Financial Services,Financial Services,Capital Markets,Stockbroking & Allied
INDHOTEL,,,,
INDIABULLS,"engaged in providing consumer finance, housing finance, commercial loans, life insurance, asset management ",,,
INDIACEM,,,,
INDIAGLYCO,,,,
INDIAMART,,,,
INDIANB,Financial Services,Financial Services,Banks,Public Sector Bank
INDIANCARD,,,,
INDIANHUME,,,,
INDIGO,,,,
INDIGOPNTS,,,,
INDLMETER,,,,
INDNIPPON,,,,
INDOAMIN,,,,
INDOBORAX,,,,
INDOCO,,,,
INDORAMA,,,,
INDOSOLAR,,,,
INDOSTAR,Financial Services,Financial Services,Finance,Non Banking Financial Company (NBFC)
INDOTECH,,,,
INDOTHAI,Financial Services,Financial Services,Capital Markets,Stockbroking & Allied
INDOWIND,Utilities,Power,Power,Electric Utilities
INDRAMEDCO,,,,
INDSWFTLAB,,,,
INDSWFTLTD,,,,
INDTERRAIN,,,,
INDUSFILA,,,,
INDUSINDBK,Financial Services,Financial Services,Banks,Private Sector Bank
INDUSTOWER,,,,
INEOSSTYRO,,,,
INFIBEAM,,,,
INFINITE,,,,
INFOBEAN,,,,
INFODRIVE,,,,
INFOMEDIA,,,,
INFRABEES,Financial Services,Financial Services,Capital Markets,Mutual Fund Scheme
INFY,,,,
INGERRAND,,,,
INGVYSYABK,BANK ,,,
INNOIND,,,,
INOXLEISUR,,,,
INOXWIND,,,,
INSECTICID,,,,
INSPIRISYS,,,,
INTELLECT,,,,
INTENTECH,,,,
INTLCONV,,,,
INVENTURE,Financial Services,Financial Services,Capital Markets,Stockbroking & Allied
IOB,Financial Services,Financial Services,Banks,Public Sector Bank
IOC,,,,
IOLCP,,,,
IOLN,,,,
IONEXCHANG,,,,
IPCALAB,,,,
IPL,,,,
IPRINGLTD,,,,
IRB,,,,
IRCON,,,,
IRCTC,,,,
IRFC,Financial Services,Financial Services,Finance,Financial Institution
IRIS,,,,
IRISDOREME,,,,
ISEC,Financial Services,Financial Services,Capital Markets,Stockbroking & Allied
ISFT,,,,
ISGEC,,,,
ISMTLTD,,,,
ITBEES,Financial Services,Financial Services,Capital Markets,Mutual Fund Scheme
ITC,,,,
ITDC,,,,
ITDCEM,,,,
ITI,,,,
IVC,Financial Services,Financial Services,Capital Markets,Asset Management Company
IVP,,,,
IVRCLAH,,,,
IVRCLINFRA,,,,
IVZINGOLD,INVESCO INDIA GOLD EXCHANGE TRADED FUND,,,
IVZINNIFTY,INVESCO INDIA NIFTY EXCHANGE TRADED FUND,,,
IWEL,,,,
IZMO,,,,
J&KBANK,Financial Services,Financial Services,Banks,Private Sector Bank
JAGRAN,,,,
JAGSNPHARM,,,,
JAIBALAJI,,,,
JAICORPLTD,,,,
JAIHINDPRO,,,,
JAINSTUDIO,,,,
JAIPURKURT,,,,
JAMNAAUTO,,,,
JASH,,,,
JAYAGROGN,,,,
JAYBARMARU,,,,
JAYNECOIND,,,,
JAYSREETEA,,,,
JBCHEPHARM,,,,
JBFIND,,,,
JBMA,,,,
JCHAC,,,,
JCTEL,,,,
JDORGOCHEM,,,,
JENSONICOL,,,,
JETAIRWAYS,,,,
JETFREIGHT,,,,
JEYPORE,,,,
JHS,,,,
JIKIND,,,,
JINDALPHOT,,,,
JINDALPOLY,,,,
JINDALSAW,,,,
JINDALSTEL,,,,
JINDCOT,,,,
JINDRILL,,,,
JINDWORLD,,,,
JISLDVREQS,,,,
JISLJALEQS,,,,
JITFINFRA,Utilities,Utilities,Other Utilities,Water Supply & Management
JIYAECO,,,,
JKCEMENT,,,,
JKIL,,,,
JKLAKSHMI,,,,
JKPAPER,,,,
JKTYRE,,,,
JMA,,,,
JMCPROJECT,,,,
JMFINANCIL,Financial Services,Financial Services,Finance,Investment Company
JMTAUTOLTD,,,,
JOCIL,,,,
JPASSOCIAT,,,,
JPINFRATEC,,,,
JPOLYINVST,Financial Services,Financial Services,Finance,Investment Company
JPPOWER,Utilities,Power,Power,Electric Utilities
JSL,,,,
JSLHISAR,,,,
JSWENERGY,Utilities,Power,Power,Electric Utilities
JSWHL,Financial Services,Financial Services,Finance,Investment Company
JSWISPAT,,,,
JSWISPL,,,,
JSWSTEEL,,,,
JTEKTINDIA,,,,
JTLINFRA,,,,
JUBLFOOD,,,,
JUBLINDS,,,,
JUBLINGREA,,,,
JUBLPHARMA,,,,
JUMBO,,,,
JUNIORBEES,Financial Services,Financial Services,Capital Markets,Mutual Fund Scheme
JUPITER,,,,
JUSTDIAL,,,,
JVLAGRO,,,,
JWL,,,,
JYOTHYLAB,,,,
JYOTISTRUC,,,,
KABRAEXTRU,,,,
KAJARIACER,,,,
KAKATCEM,,,,
KALINDEE,,,,
KALPATPOWR,,,,
KALYANI,,,,
KALYANIFRG,,,,
KALYANKJIL,,,,
KAMATHOTEL,,,,
KAMDHENU,,,,
KANANIIND,,,,
KANDAGIRI,,,,
KANORICHEM,,,,
KANPRPLA,,,,
KANSAINER,,,,
KAPSTON,,,,
KARMAENG,Utilities,Power,Power,Electric Utilities
KARURKCP,,,,
KARURVYSYA,Financial Services,Financial Services,Banks,Private Sector Bank
KAUSHALYA,,,,
KAVVERITEL,,,,
KAYA,,,,
KBCGLOBAL,,,,
KBIL,Finance - General,,,
KCP,,,,
KCPSUGIND,,,,
KDDL,,,,
KDDL-RE,RE,,,
KEC,,,,
KECL,,,,
KEEPLEARN,,,,
KEERTI,,,,
KEI,,,,
KELLTONTEC,,,,
KEMROCK,,,,
KENNAMET,,,,
KERNEX,,,,
KESARENT,,,,
KESORAMIND,,,,
KEYFINSERV,Financial Services,Financial Services,Finance,Other Financial Services
KFA,,,,
KGL,,,,
KHADIM,,,,
KHAICHEM,,,,
KHAITANELE,,,,
KHAITANLTD,,,,
KHANDSE,Financial Services,Financial Services,Capital Markets,Stockbroking & Allied
KICL,Financial Services,Financial Services,Finance,Investment Company
KIL-RE,RE,,,
KILITCH,,,,
KIMS,,,,
KINETICMOT,,,,
KINGFA,,,,
KIOCL,,,,
KIRIINDUS,,,,
KIRLFER,,,,
KIRLOSBROS,,,,
KIRLOSENG,,,,
KIRLOSIND,,,,
KITEX,,,,
KITPLYIND,,,,
KKCL,,,,
KLGSYSTEL,,,,
KLRF,,,,
KMSUGAR,,,,
KNRCON,,,,
KOHINOOR,,,,
KOKUYOCMLN,,,,
KOLTEPATIL,,,,
KOPDRUGS,,,,
KOPRAN,,,,
KOTAKALPHA,Financial Services,Financial Services,Capital Markets,Mutual Fund Scheme
KOTAKBANK,Financial Services,Financial Services,Banks,Private Sector Bank
KOTAKBKETF,Financial Services,Financial Services,Capital Markets,Mutual Fund Scheme
KOTAKGOLD,Financial Services,Financial Services,Capital Markets,Mutual Fund Scheme
KOTAKIT,Financial Services,Financial Services,Capital Markets,Mutual Fund Scheme
KOTAKLOVOL,KOTAK NIFTY 100 LOW VOLATILITY 30 ETF,,,
KOTAKMID50,Financial Services,Financial Services,Capital Markets,Mutual Fund Scheme
KOTAKNIFTY,Financial Services,Financial Services,Capital Markets,Mutual Fund Scheme
KOTAKNV20,Financial Services,Financial Services,Capital Markets,Mutual Fund Scheme
KOTAKPSUBK,Financial Services,Financial Services,Capital Markets,Mutual Fund Scheme
KOTARISUG,,,,
KOTHARIPET,,,,
KOTHARIPRO,,,,
KOUTONS,,,,
KOVAI,,,,
KPIGREEN,Utilities,Power,Power,Electric Utilities
KPITTECH,,,,
KPRMILL,,,,
KRBL,,,,
KREBSBIO,,,,
KRIDHANINF,,,,
KRISHANA,,,,
KRISHNAENG,,,,
KRITI,,,,
KRITIIND,,,,
KRITIKA,,,,
KRSNAA,,,,
KSB,,,,
KSCL,,,,
KSE,,,,
KSERASERA,,,,
KSK,Power - Generation & Distribution,,,
KSL,,,,
KSOILS,,,,
KTIL,,,,
KTKBANK,Financial Services,Financial Services,Banks,Private Sector Bank
KUANTUM,,,,
KWALITY,,,,
L&TFH,Financial Services,Financial Services,Finance,Investment Company
L&TFH-RE,RE,,,
LAGNAM,,,,
LAKPRE,,,,
LAKSHMIEFL,,,,
LAKSHMIFIN,Non Banking Finance Company ,,,
LAKSHMIMIL,,,,
LAKSHVILAS,LAKSHMI VILAS BANK LIMITED,,,
LALPATHLAB,,,,
LAMBODHARA,,,,
LANCER,,,,
LAOPALA,,,,
LASA,,,,
LATENTVIEW,,,,
LAURUSLABS,,,,
LAXMICOT,,,,
LAXMIMACH,,,,
LCCINFOTEC,,,,
LEEL,,,,
LEMONTREE,,,,
LFIC,Financial Services,Financial Services,Finance,Investment Company
LGBBROSLTD,,,,
LGBFORGE,,,,
LIBAS,,,,
LIBERTSHOE,,,,
LICHSGFIN,Financial Services,Financial Services,Finance,Housing Finance Company
LICI,Financial Services,Financial Services,Insurance,Life Insurance
LICNETFGSC,LIC MF - LIC MF G-SEC LT ETF - GO,,,
LICNETFN50,Financial Services,Financial Services,Capital Markets,Mutual Fund Scheme
LICNETFSEN,LIC MUTUAL FUND - LIC MF EXCHANGE TRADED FUND - SENSEX,,,
LICNFNHGP,LIC MF - LIC MF ETF - NIFTY 100,,,
LIKHITHA,,,,
LINC,,,,
LINCOLN,,,,
LINDEINDIA,,,,
LIQUIDBEES,Financial Services,Financial Services,Capital Markets,Mutual Fund Scheme
LIQUIDETF,DSP NIFTY 1D RATE LIQUID ETF,,,
LITL,generation of power and trading in power,,,
LLOYDFIN,"provide services like stock broking, factoring, housing finance",,,
LML,,,,
LODHA,,,,
LOKESHMACH,,,,
LOTUSEYE,,,,
LOVABLE,,,,
LPDC,,,,
LSIL,,,,
LT,,,,
LTGILTBEES,Financial Services,Financial Services,Capital Markets,Mutual Fund Scheme
LTI,,,,
LTTS,,,,
LUMAXAUTO,,,,
LUMAXIND,,,,
LUMAXTECH,,,,
LUPIN,,,,
LUXIND,,,,
LXCHEM,,,,
LYKALABS,,,,
LYPSAGEMS,,,,
M&M,,,,
M&MFIN,Financial Services,Financial Services,Finance,Non Banking Financial Company (NBFC)
M&MFIN-RE,RE,,,
MAANALU,,,,
MACPOWER,,,,
MADHAV,,,,
MADHUCON,,,,
MADRASFERT,,,,
MAESGETF,Financial Services,Financial Services,Capital Markets,Mutual Fund Scheme
MAFANG,Financial Services,Financial Services,Capital Markets,Mutual Fund Scheme
MAFSETF,Financial Services,Financial Services,Capital Markets,Mutual Fund Scheme
MAGADSUGAR,,,,
MAGNUM,,,,
MAHABANK,Financial Services,Financial Services,Banks,Public Sector Bank
MAHAPEXLTD,Financial Services,Financial Services,Finance,Other Financial Services
MAHASTEEL,,,,
MAHEPC,,,,
MAHESHWARI,,,,
MAHINDCIE,,,,
MAHINDUGIN,,,,
MAHKTECH,Financial Services,Financial Services,Capital Markets,Mutual Fund Scheme
MAHLIFE,,,,
MAHLOG,,,,
MAHSCOOTER,,,,
MAHSEAMLES,,,,
MAITHANALL,,,,
MAKE,,,,
MALLCOM,,,,
MALUPAPER,,,,
MALWACOTT,,,,
MAM150ETF,Financial Services,Financial Services,Capital Markets,Mutual Fund Scheme
MAMFGETF,Financial Services,Financial Services,Capital Markets,Mutual Fund Scheme
MAN50ETF,Financial Services,Financial Services,Capital Markets,Mutual Fund Scheme
MANAKALUCO,,,,
MANAKCOAT,,,,
MANAKSIA,,,,
MANAKSTEEL,,,,
MANALIPETC,,,,
MANAPPURAM,Financial Services,Financial Services,Finance,Non Banking Financial Company (NBFC)
MANDHANA,,,,
MANGALAM,,,,
MANGCHEFER,,,,
MANGLMCEM,,,,
MANGTIMBER,,,,
MANINDS,,,,
MANINFRA,,,,
MANJEERA,,,,
MANJUSHREE,,,,
MANORG,,,,
MANPASAND,,,,
MANUGRAPH,,,,
MANXT50,MIRAE ASSET MUTUAL FUND - MIRAE ASSET NIFTY NEXT 50 ETF (MANXT50) - MI,,,
MANYAVAR,,,,
MAPMYINDIA,,,,
MARALOVER,,,,
MARATHON,,,,
MARG,,,,
MARICO,,,,
MARINE,,,,
MARKSANS,,,,
MARSHALL,,,,
MARUTI,,,,
MASFIN,Financial Services,Financial Services,Finance,Non Banking Financial Company (NBFC)
MASKINVEST,Financial Services,Financial Services,Finance,Investment Company
MASPTOP50,Financial Services,Financial Services,Capital Markets,Mutual Fund Scheme
MASTEK,,,,
MATRIMONY,,,,
MAWANASUG,,,,
MAXHEALTH,,,,
MAXIND,Financial Services,Financial Services,Finance,Holding Company
MAXINDIA,Financial Services,Financial Services,Finance,Holding Company
MAXVIL,Financial Services,Financial Services,Finance,Holding Company
MAYURUNIQ,,,,
MAZDA,,,,
MAZDOCK,,,,
MBAPL,,,,
MBECL,,,,
MBLINFRA,,,,
MCDHOLDING,investment holding company,,,
MCDOWELL-N,,,,
MCL,,,,
MCLEODRUSS,,,,
MCX,Financial Services,Financial Services,Capital Markets,Exchange and Data Platform
MEDICAMEQ,,,,
MEDICO,,,,
MEDPLUS,,,,
MEGA-RE,RE,,,
MEGASOFT,,,,
MEGASTAR,,,,
MEGH,,,,
MELSTAR,,,,
MENONBE,,,,
MEP,,,,
MERCATOR,,,,
METALFORGE,,,,
METKORE,,,,
METROBRAND,,,,
METROPOLIS,,,,
MFL,,,,
MFSL,Financial Services,Financial Services,Insurance,Life Insurance
MGEL,,,,
MGL,,,,
MGOLD,MOTILAL OSWAL MUTUAL FUND - MOTILAL OSWAL MOST SHARES GOLD ETF,,,
MHLXMIRU,,,,
MHRIL,,,,
MIC,,,,
MICEL,,,,
MICROTECH,,,,
MID150BEES,Financial Services,Financial Services,Capital Markets,Mutual Fund Scheme
MIDHANI,,,,
MINDA-RE,RE,,,
MINDACORP,,,,
MINDAIND,,,,
MINDTECK,,,,
MINDTREE,,,,
MIRCELECTR,,,,
MIRZAINT,,,,
MITCON,,,,
MITTAL,,,,
MMFL,,,,
MMP,,,,
MMTC,,,,
MMWL,,,,
MODIRUBBER,,,,
MODISNME,,,,
MOGSEC,Financial Services,Financial Services,Capital Markets,Mutual Fund Scheme
MOHITIND,,,,
MOHOTAIND,,,,
MOIL,,,,
MOKSH,,,,
MOL,,,,
MOLDTECH,,,,
MOLDTEK-RE,RE,,,
MOLDTKPAC,,,,
MOLOWVOL,Financial Services,Financial Services,Capital Markets,Mutual Fund Scheme
MOM100,Financial Services,Financial Services,Capital Markets,Mutual Fund Scheme
MOM50,Financial Services,Financial Services,Capital Markets,Mutual Fund Scheme
MOMOMENTUM,MOTILAL OSWAL MUTUAL FUND - MOTILAL OSWAL NIFTY 200 MOMENTUM 30 ETF,,,
MON100,Financial Services,Financial Services,Capital Markets,Mutual Fund Scheme
MONARCH,Financial Services,Financial Services,Capital Markets,Stockbroking & Allied
MONNETISPA,,,,
MONQ50,Financial Services,Financial Services,Capital Markets,Mutual Fund Scheme
MONSANTO,,,,
MONTECARLO,,,,
MORARJEE,,,,
MORARJETEX,,,,
MOREPENLAB,,,,
MOSERBAER,,,,
MOTHERSON,,,,
MOTILALOFS,Financial Services,Financial Services,Capital Markets,Stockbroking & Allied
MOTOGENFIN,Non Banking Finance Company,,,
MPHASIS,,,,
MPSLTD,,,,
MRF,,,,
MRO-TEK,,,,
MRPL,,,,
MSPL,,,,
MSTCLTD,,,,
MSUMI,,,,
MTARTECH,,,,
MTEDUCARE,,,,
MTNL,,,,
MUKANDENGG,,,,
MUKANDLTD,,,,
MUKTAARTS,,,,
MUNJALAU,,,,
MUNJALSHOW,,,,
MURLIIND,,,,
MURUDCERA,,,,
MUTHOOTCAP,Financial Services,Financial Services,Finance,Non Banking Financial Company (NBFC)
MUTHOOTFIN,Financial Services,Financial Services,Finance,Non Banking Financial Company (NBFC)
MVL,,,,
MYSOREBANK,STATE BANK OF MYSORE,,,
NACLIND,,,,
NAGAFERT,,,,
NAGARFERT,,,,
NAGAROIL,,,,
NAGREEKCAP,Financial Services,Financial Services,Finance,Investment Company
NAGREEKEXP,,,,
NAHARCAP,Financial Services,Financial Services,Finance,Investment Company
NAHARINDUS,,,,
NAHARPOLY,,,,
NAHARSPING,,,,
NAKODA,,,,
NAM-INDIA,Financial Services,Financial Services,Capital Markets,Asset Management Company
NANDAN,,,,
NATCOPHARM,,,,
NATHBIOGEN,,,,
NATIONALUM,,,,
NATNLSTEEL,,,,
NAUKRI,,,,
NAVINFLUOR,,,,
NAVKARCORP,,,,
NAVNETEDUL,,,,
NAZARA,,,,
NBCC,,,,
NBIFIN,Financial Services,Financial Services,Finance,Non Banking Financial Company (NBFC)
NBVENTURES,Utilities,Power,Power,Electric Utilities
NCC,,,,
NCLIND,,,,
NCOPPER,,,,
NDGL,Financial Services,Financial Services,Finance,Non Banking Financial Company (NBFC)
NDL,,,,
NDRAUTO,,,,
NDTV,,,,
NECCLTD,,,,
NECLIFE,,,,
NEHAINT,,,,
NELCAST,,,,
NELCO,,,,
NEOCORP,,,,
NEOGEN,,,,
NEPCMICON,,,,
NESCO,,,,
NESTLEIND,,,,
NET4,,,,
NETF,Financial Services,Financial Services,Capital Markets,Mutual Fund Scheme
NETFDIVOPP,ETF,,,
NETWORK18,,,,
NEULANDLAB,,,,
NEWGEN,,,,
NEXTMEDIA,,,,
NFL,,,,
NGCT,,,,
NGIL,,,,
NGIL-RE,RE,,,
NH,,,,
NHPC,Utilities,Power,Power,Electric Utilities
NIACL,Financial Services,Financial Services,Insurance,General Insurance
NIBL,,,,
NICCO,,,,
NIF100BEES,Financial Services,Financial Services,Capital Markets,Mutual Fund Scheme
NIFTYBEES,Financial Services,Financial Services,Capital Markets,Mutual Fund Scheme
NIFTYEES,EDELWEISS ETF - NIFTY 50,,,
NIITLTD,,,,
NILAINFRA,,,,
NILASPACES,,,,
NILKAMAL,,,,
NIPPOBATRY,,,,
NIRAJ,,,,
NIRMA,,,,
NISSAN,,,,
NITCO,,,,
NITESHEST,,,,
NITINFIRE,,,,
NITINSPIN,,,,
NITIRAJ,,,,
NIVINFRA,,,,
NKIND,,,,
NLCINDIA,Utilities,Power,Power,Electric Utilities
NMDC,,,,
NOCIL,,,,
NOESISIND,,,,
NOIDATOLL,,,,
NOL,,,,
NORBTEAEXP,,,,
NORTHGATE,,,,
NOVARTIND,,,,
NOVOPANIND,,,,
NPBET,TATA NIFTY PRIVATE BANK EXCHANGE TRADED FUND,,,
NRAIL,,,,
NRBBEARING,,,,
NRC,,,,
NSIL,Financial Services,Financial Services,Finance,Non Banking Financial Company (NBFC)
NTL,,,,
NTPC,Utilities,Power,Power,Electric Utilities
NUCHEM,,,,
NUCLEUS,,,,
NURECA,,,,
NUTEK,,,,
NUVOCO,,,,
NV20BEES,Financial Services,Financial Services,Capital Markets,Mutual Fund Scheme
NXTDIG-RE,RE,,,
NXTDIGITAL,,,,
NYKAA,,,,
OAL,,,,
OBCL,,,,
OBEROIRLTY,,,,
OCCL,,,,
OCL,,,,
OCLINDIA,,,,
OFSS,,,,
OIL,,,,
OILCOUNTUB,,,,
OISL,,,,
OLECTRA,,,,
OMAXAUTO,,,,
OMAXE,,,,
OMINFRAL,,,,
OMKARCHEM,,,,
OMNITECH,,,,
ONELIFECAP,Financial Services,Financial Services,Finance,Other Financial Services
ONEPOINT,,,,
ONGC,,,,
ONMOBILE,,,,
ONWARDTEC,,,,
OPTIEMUS,,,,
OPTOCIRCUI,,,,
ORBITCORP,,,,
ORBTEXP,,,,
ORCHIDPHAR,,,,
ORCHPHARMA,,,,
ORICONENT,,,,
ORIENTABRA,,,,
ORIENTALTL,,,,
ORIENTBANK,ORIENTAL BANK OF COMMERCE,,,
ORIENTBELL,,,,
ORIENTCEM,,,,
ORIENTELEC,,,,
ORIENTHOT,,,,
ORIENTLTD,,,,
ORIENTPPR,,,,
ORISSAMINE,,,,
ORTEL,,,,
ORTINLAB,,,,
ORTINLABSS,,,,
OSWALAGRO,,,,
OSWALMIN,,,,
OUDHSUG,,,,
PAEL,,,,
PAGEIND,,,,
PAISALO,Financial Services,Financial Services,Finance,Non Banking Financial Company (NBFC)
PALASHSECU,Holding Company,,,
PALRED,,,,
PALREDTEC,,,,
PALREDTECH,,,,
PANACEABIO,,,,
PANACHE,,,,
PANAMAPET,,,,
PANASONIC,,,,
PANCARBON,,,,
PANCHSHEEL,,,,
PANORAMUNI,,,,
PANSARI,,,,
PAR,,,,
PARABDRUGS,,,,
PARACABLES,,,,
PARADEEP,,,,
PARAGMILK,,,,
PARAL,,,,
PARAPRINT,,,,
PARAS,,,,
PARASPETRO,,,,
PAREKHPLAT,,,,
PARRYSUGAR,,,,
PARSVNATH,,,,
PASUPTAC,,,,
PATELENG,,,,
PATINT-RE,RE,,,
PATINT-RE1,RE,,,
PATINTLOG,,,,
PATNI,,,,
PATSPINLTD,,,,
PAYTM,Financial Services,Financial Services,Financial Technology (Fintech),Financial Technology (Fintech)
PBAINFRA,,,,
PCBL,,,,
PCJEWELLER,,,,
PDMJEPAPER,,,,
PDPL,,,,
PDSL,,,,
PEACOCKIND,,,,
PEARLPOLY,,,,
PEL,Financial Services,Financial Services,Finance,Other Financial Services
PENIND,,,,
PENINLAND,,,,
PENPEBS,,,,
PEPL,,,,
PERIATEA,,,,
PERSISTENT,,,,
PETRONENGG,,,,
PETRONET,,,,
PFC,Financial Services,Financial Services,Finance,Financial Institution
PFIZER,,,,
PFOCUS,,,,
PFS,Financial Services,Financial Services,Finance,Non Banking Financial Company (NBFC)
PGEL,,,,
PGHH,,,,
PGHL,,,,
PGIL,,,,
PHARMABEES,Financial Services,Financial Services,Capital Markets,Mutual Fund Scheme
PHOENIXLL,,,,
PHOENIXLTD,,,,
PIDILITIND,,,,
PIIND,,,,
PILANIINV,Non- Banking Financial Company,,,
PILANIINVS,Non- Banking Financial Company,,,
PILITA,,,,
PINCON,,,,
PIONDIST,,,,
PIONEEREMB,,,,
PIRGLASS,,,,
PIRPHYTO,,,,
PITTIENG,,,,
PIXTRANS,,,,
PKTEA,,,,
PLASTIBLEN,,,,
PLETHICO,,,,
PNB,Financial Services,Financial Services,Banks,Public Sector Bank
PNBGILTS,Financial Services,Financial Services,Finance,Investment Company
PNBHOUSING,Financial Services,Financial Services,Finance,Housing Finance Company
PNC,,,,
PNCINFRA,,,,
PNEUMATIC,investment company,,,
POCHIRAJU,,,,
PODDARHOUS,,,,
PODDARMENT,,,,
POKARNA,,,,
POLARIND,,,,
POLARIS,,,,
POLICYBZR,,,,
POLYCAB,,,,
POLYMED,,,,
POLYPLEX,,,,
PONDYOXIDE,,,,
PONNIERODE,,,,
POONAWALLA,Financial Services,Financial Services,Finance,Non Banking Financial Company (NBFC)
POWERGRID,Utilities,Power,Power,Power - Transmission
POWERINDIA,,,,
POWERMECH,,,,
PPAP,,,,
PPL,,,,
PRABHAT,,,,
PRADIP,,,,
PRAENG,,,,
PRAJIND,,,,
PRAKASH,,,,
PRAKASHSTL,,,,
PRATIBHA,,,,
PRAXIS,,,,
PRAXIS-RE,RE,,,
PRECAM,,,,
PRECOT,,,,
PRECWIRE,,,,
PREMEXPLN,,,,
PREMIER,,,,
PREMIERPOL,,,,
PRESSMN,,,,
PRESTIGE,,,,
PRICOL,,,,
PRICOL-RE,RE,,,
PRICOLLTD,,,,
PRIMESECU,Financial Services,Financial Services,Finance,Other Financial Services
PRINCEPIPE,,,,
PRITHVI,,,,
PRITHVISOF,"offers foreign exchange, money changing and money transfer services",,,
PRITI,,,,
PRITIKAUTO,,,,
PRIVISCL,,,,
PROSEED,,,,
PROVOGE,,,,
PROVOGUE,,,,
PROZONINTU,,,,
PRSMJOHNSN,,,,
PRUDENT,Financial Services,Financial Services,Capital Markets,Financial Products Distributor
PSB,Financial Services,Financial Services,Banks,Public Sector Bank
PSL,,,,
PSPPROJECT,,,,
PSUBNKBEES,Financial Services,Financial Services,Capital Markets,Mutual Fund Scheme
PTC,Utilities,Power,Power,Power Trading
PTL,,,,
PUNJABCHEM,,,,
PUNJLLOYD,,,,
PURVA,,,,
PVP,,,,
PVR,,,,
PVR-RE,RE,,,
QGOLDHALF,QUANTUM GOLD FUND -EXCHANGE TRADED FUND (ETF),,,
QNIFTY,Financial Services,Financial Services,Capital Markets,Mutual Fund Scheme
QUESS,,,,
QUICKHEAL,,,,
QUINTEGRA,,,,
RADAAN,,,,
RADICO,,,,
RADIOCITY,,,,
RAILTEL,,,,
RAIN,,,,
RAINBOW,,,,
RAINBOWPAP,,,,
RAJESHEXPO,,,,
RAJMET,,,,
RAJOIL,,,,
RAJPALAYAM,,,,
RAJRATAN,,,,
RAJRAYON,,,,
RAJRILTD,,,,
RAJSREESUG,,,,
RAJTV,,,,
RAJVIR,,,,
RALLIS,,,,
RAMANEWS,,,,
RAMASTEEL,,,,
RAMCOCEM,,,,
RAMCOIND,,,,
RAMCOSYS,,,,
RAMGOPOLY,,,,
RAMKY,,,,
RAMSARUP,,,,
RANASUG,,,,
RANBAXY,,,,
RANEENGINE,,,,
RANEHOLDIN,,,,
RANKLIN,,,,
RASOYPR,,,,
RATEGAIN,,,,
RATNAMANI,,,,
RAYMOND,,,,
RBA,,,,
RBL,,,,
RBLBANK,Financial Services,Financial Services,Banks,Private Sector Bank
RBN,,,,
RCF,,,,
RCOM,,,,
RECLTD,Financial Services,Financial Services,Finance,Financial Institution
REDINGTON,,,,
REFEX,,,,
REFEX-RE,RE,,,
REGENCERAM,,,,
REIAGROLTD,,,,
REISIXTEN,,,,
RELAXO,,,,
RELBANK,R* SHARES BANKING ETF,,,
RELCAPITAL,"provides financial services in asset management, mutual funds, life, health and general insurance, commercial and home finance, equities and commodities broking",,,
RELCHEMQ,,,,
RELDIVOPP,Reliance ETF Dividend Opportunities,,,
RELGOLD,R* SHARES GOLD ETF,,,
RELIANCE,,,,
RELIGARE,Financial Services,Financial Services,Finance,Investment Company
RELINFRA,Utilities,Power,Power,Electric Utilities
RELMEDIA,,,,
RELNIFTY,RELIANCE MUTUAL FUND - R* SHARES NIFTY ETF - DIVIDEND PAYOUT,,,
RELNV20,Reliance ETF NV20,,,
REMSONSIND,,,,
RENUKA,,,,
REPCOHOME,Financial Services,Financial Services,Finance,Housing Finance Company
REPL,,,,
REPRO,,,,
RESPONIND,,,,
RESURGERE,,,,
REVATHI,,,,
RGL,,,,
RHFL,Financial Services,Financial Services,Finance,Housing Finance Company
RHIM,,,,
RICOAUTO,,,,
RIIL,,,,
RIL-RE,RE,,,
RITCO,,,,
RITES,,,,
RKDL,,,,
RKEC,,,,
RKFORGE,,,,
RMCL,,,,
RML,,,,
RMMIL,,,,
RNAVAL,,,,
ROHITFERRO,,,,
ROHLTD,,,,
ROLEXRINGS,,,,
ROLLT,,,,
ROLTA,,,,
ROML,,,,
ROSSARI,,,,
ROSSELLIND,,,,
ROTO,,,,
ROUTE,,,,
RPGLIFE,,,,
RPOWER,Utilities,Power,Power,Electric Utilities
RPP-RE,RE,,,
RPPINFRA,,,,
RPPL,,,,
RPSGVENT,,,,
RRSLGETF,Reliance ETF Long Term Gilt,,,
RSSOFTWARE,,,,
RSWM,,,,
RSYSTEMS,,,,
RTNINDIA,"engaged in the business of Power generation,transmission and distribution of power",,,
RTNPOWER,Utilities,Power,Power,Electric Utilities
RUBYMILLS,,,,
RUCHI,,,,
RUCHINFRA,,,,
RUCHIRA,,,,
RUCHISOYA,,,,
RUPA,,,,
RUSHIL,,,,
RUSHIL-RE,RE,,,
RVHL,,,,
RVNL,,,,
S&SPOWER,,,,
SABERORGAN,,,,
SABEVENTS,,,,
SABTN,,,,
SADBHAV,,,,
SADBHIN,,,,
SAFARI,,,,
SAGARDEEP,,,,
SAGCEM,,,,
SAIL,,,,
SAKAR,,,,
SAKHTISUG,,,,
SAKSOFT,,,,
SAKTHIFIN,NBFC,,,
SAKUMA,,,,
SALASAR,,,,
SALONA,,,,
SALONACOT,,,,
SALORAINTL,,,,
SALSTEEL,,,,
SALZERELEC,,,,
SAMBANDAM,,,,
SAMBHAAV,,,,
SAMINDUS,,,,
SAMTEL,,,,
SANCO,,,,
SANDESH,,,,
SANDHAR,,,,
SANGAMIND,,,,
SANGHIIND,,,,
SANGHIPOLY,,,,
SANGHVIFOR,,,,
SANGHVIMOV,,,,
SANGINITA,,,,
SANOFI,,,,
SANSERA,,,,
SANWARIA,,,,
SAPPHIRE,,,,
SARDAEN,,,,
SAREGAMA,,,,
SARLAPOLY,,,,
SARTHAKIND,,,,
SASKEN,,,,
SASTASUNDR,,,,
SATHAISPAT,,,,
SATIA,,,,
SATIN,Financial Services,Financial Services,Finance,Non Banking Financial Company (NBFC)
SATIN-RE,RE,,,
SATYAMCOMP,,,,
SAVERA,,,,
SAYAJIHOTL,,,,
SB&TINTL,,,,
SBBJ,STATE BANK OF BIKANER AND JAIPUR,,,
SBC,,,,
SBCL,,,,
SBICARD,Financial Services,Financial Services,Finance,Non Banking Financial Company (NBFC)
SBIETFCON,Financial Services,Financial Services,Capital Markets,Mutual Fund Scheme
SBIETFIT,Financial Services,Financial Services,Capital Markets,Mutual Fund Scheme
SBIETFPB,Financial Services,Financial Services,Capital Markets,Mutual Fund Scheme
SBIETFQLTY,SBI MUTUAL FUND - SBI - ETF QUALITY - SBI-ETF QUALITY,,,
SBILIFE,Financial Services,Financial Services,Insurance,Life Insurance
SBIN,Financial Services,Financial Services,Banks,Public Sector Bank
SBT,STATE BANK OF TRAVANCORE,,,
SCAPDVR,Financial Services,Financial Services,Capital Markets,Stockbroking & Allied
SCHAEFFLER,,,,
SCHAND,,,,
SCHNEIDER,,,,
SCI,,,,
SDBL,,,,
SDBL-RE,RE,,,
SDL24BEES,Financial Services,Financial Services,Capital Markets,Mutual Fund Scheme
SDL26BEES,Financial Services,Financial Services,Capital Markets,Mutual Fund Scheme
SEAMECLTD,,,,
SECURKLOUD,,,,
SEINVEST,Financial Services,Financial Services,Finance,Non Banking Financial Company (NBFC)
SEJAL,,,,
SEJALLTD,,,,
SELAN,,,,
SELMC,,,,
SELMCL,,,,
SEPC,,,,
SEPOWER,Power - Generation & Distribution,,,
SEQUENT,,,,
SERVALL,,,,
SERVOTECH,,,,
SESHAPAPER,,,,
SETCO,,,,
SETF10GILT,SBI MUTUAL FUND - SBI-ETF 10 YEAR GILT,,,
SETFGOLD,SBI-ETF GOLD,,,
SETFNIF50,Financial Services,Financial Services,Capital Markets,Mutual Fund Scheme
SETFNIFBK,SBI-ETF NIFTY BANK,,,
SETFNN50,SBI-ETF NIFTY NEXT 50,,,
SETUINFRA,,,,
SEYAIND,,,,
SEZALGLASS,,,,
SFCL,,,,
SFHL-RE,RE,,,
SFL,,,,
SGFL,,,,
SGIL,,,,
SGJHL,,,,
SGL,,,,
SHAHALLOYS,,,,
SHAILY,,,,
SHAKTIPUMP,,,,
SHALBY,,,,
SHALPAINTS,,,,
SHANKARA,,,,
SHANTI,,,,
SHANTIGEAR,,,,
SHARDACROP,,,,
SHARDAMOTR,,,,
SHAREINDIA,Financial Services,Financial Services,Capital Markets,Stockbroking & Allied
SHARIABEES,Financial Services,Financial Services,Capital Markets,Mutual Fund Scheme
SHARONBIO,,,,
SHASUNPHAR,,,,
SHEMAROO,,,,
SHILPAMED,,,,
SHILPI,,,,
SHIRPUR-G,,,,
SHIVALIK,,,,
SHIVAM-RE,RE,,,
SHIVAMAUTO,,,,
SHIVAMILLS,,,,
SHIVATEX,,,,
SHIVTEX,,,,
SHK,,,,
SHLAKSHMI,,,,
SHOPER-RE,RE,,,
SHOPERSTOP,,,,
SHPRE,,,,
SHRADHA,,,,
SHREDIGCEM,,,,
SHREEASHTA,,,,
SHREECEM,,,,
SHREEPUSHK,,,,
SHREERAMA,,,,
SHRENIK,,,,
SHRENUJ,,,,
SHREYANIND,,,,
SHREYAS,,,,
SHRIASTER,,,,
SHRIPISTON,,,,
SHRIRAMCIT,Financial Services,Financial Services,Finance,Non Banking Financial Company (NBFC)
SHRIRAMPPS,,,,
SHYAMCENT,,,,
SHYAMMETL,,,,
SHYAMTEL,,,,
SICAGEN,,,,
SICAL,,,,
SIEMENS,,,,
SIGACHI,,,,
SIGIND,Electricity Generation,,,
SIGNET,Electricity Generation,,,
SIGNETIND,Electricity Generation,,,
SIKKO,,,,
SIL,,,,
SILGO,,,,
SILINV,Financial Services,Financial Services,Finance,Investment Company
SILLYMONKS,,,,
SILVER,Aditya Birla Sun Life Silver ETF,,,
SILVERBEES,Financial Services,Financial Services,Capital Markets,Mutual Fund Scheme
SILVERTUC,,,,
SIMBHALS,,,,
SIMBHSUGAR,,,,
SIMPLEX,,,,
SIMPLEXCAS,,,,
SIMPLEXINF,,,,
SINTERCOM,,,,
SINTEX,,,,
SIRCA,,,,
SIRPAPER,,,,
SIS,,,,
SITASHREE,,,,
SITINET,,,,
SIYSIL,,,,
SJS,,,,
SJVN,Utilities,Power,Power,Electric Utilities
SKFINDIA,,,,
SKIL,,,,
SKIPPER,,,,
SKMEGGPROD,,,,
SKUMARSYNF,,,,
SMARTLINK,,,,
SMCGLOBAL,Financial Services,Financial Services,Capital Markets,Stockbroking & Allied
SMLISUZU,,,,
SMLT,,,,
SMPL,,,,
SMSLIFE,,,,
SMSPHARMA,,,,
SNOWMAN,,,,
SOBHA,,,,
SOFTTECH,,,,
SOFTTECHGR,,,,
SOLARA,,,,
SOLARINDS,,,,
SOMANYCERA,,,,
SOMATEX,,,,
SOMICONVEY,,,,
SONACOMS,,,,
SONAMCLOCK,,,,
SONATSOFTW,,,,
SORILINFRA,,,,
SOTL,,,,
SOUISPAT,,,,
SOUTHBANK,Financial Services,Financial Services,Banks,Private Sector Bank
SOUTHWEST,,,,
SPAL,,,,
SPANCO,,,,
SPANDANA,Financial Services,Financial Services,Finance,Non Banking Financial Company (NBFC)
SPARC,,,,
SPCENET,,,,
SPECIALITY,,,,
SPECTACLE,,,,
SPENCER-RE,RE,,,
SPENCERS,,,,
SPENTEX,,,,
SPIC,,,,
SPICEJET,,,,
SPLIL,,,,
SPLPETRO,,,,
SPMLINFRA,,,,
SPTL,,,,
SPYL,,,,
SREEL,,,,
SREINFRA,Financial Services,Financial Services,Finance,Financial Institution
SRF,,,,
SRGINFOTEC,,,,
SRHHLINDST,,,,
SRHHYPOLTD,,,,
SRICHAMUND,,,,
SRIPIPES,,,,
SRPL,,,,
SRSLTD,,,,
SRTRANS-RE,RE,,,
SRTRANSFIN,Financial Services,Financial Services,Finance,Non Banking Financial Company (NBFC)
SSWL,,,,
STAMPEDE,Financial Services,Financial Services,Capital Markets,Stockbroking & Allied
STAR,,,,
STARCEMENT,,,,
STARHEALTH,Financial Services,Financial Services,Insurance,General Insurance
STARPAPER,,,,
STARTECK,Financial Services,Financial Services,Finance,Non Banking Financial Company (NBFC)
STCINDIA,,,,
STEELCAS,,,,
STEELCITY,Financial Services,Financial Services,Capital Markets,Stockbroking & Allied
STEELXIND,,,,
STEL,Financial Services,Financial Services,Finance,Investment Company
STER,,,,
STERLINBIO,,,,
STERTOOLS,,,,
STINDIA,,,,
STLTECH,,,,
STOVEKRAFT,,,,
STYLAMIND,,,,
SUBCAPCITY,,,,
SUBEX,,,,
SUBEXLTD,,,,
SUBROS,,,,
SUDAR,,,,
SUDARSCHEM,,,,
SUJANATOW,POWER - TRANSMISSION & EQUIPMENT,,,
SUJANAUNI,,,,
SUMEETINDS,,,,
SUMICHEM,,,,
SUMIT,,,,
SUMMITSEC,Financial Services,Financial Services,Finance,Non Banking Financial Company (NBFC)
SUNCLAYLTD,,,,
SUNCLAYTON,,,,
SUNDARAM,,,,
SUNDARMFIN,Financial Services,Financial Services,Finance,Non Banking Financial Company (NBFC)
SUNDARMHLD,Financial Services,Financial Services,Finance,Investment Company
SUNDRMBRAK,,,,
SUNDRMFAST,,,,
SUNFLAG,,,,
SUNILHITEC,,,,
SUNPHARMA,,,,
SUNTECK,,,,
SUNTV,,,,
SUPER,,,,
SUPERHOUSE,,,,
SUPERSPIN,,,,
SUPPETRO,,,,
SUPRAJIT,,,,
SUPREMEENG,,,,
SUPREMEIND,,,,
SUPREMEINF,,,,
SUPREMETEX,,,,
SUPRIYA,,,,
SURANACORP,,,,
SURANAIND,,,,
SURANASOL,,,,
SURANAT&P,Utilities,Power,Power,Electric Utilities
SURYAJYOTI,,,,
SURYALAXMI,,,,
SURYAPHARM,,,,
SURYAROSNI,,,,
SURYODAY,Financial Services,Financial Services,Banks,Other Bank
SUTLEJTEX,,,,
SUULD,,,,
SUVEN,,,,
SUVENPHAR,,,,
SUVIDHAA,,,,
SUZLON,,,,
SVOGL,,,,
SVPGLOB,,,,
SWANENERGY,,,,
SWARAJENG,,,,
SWELECTES,,,,
SWSOLAR,,,,
SYMPHONY,,,,
SYNCOM,,,,
SYNDIBANK,SYNDICATE BANK,,,
SYNGENE,,,,
TAINWALCHM,,,,
TAJGVK,,,,
TAKE,,,,
TAKSHEEL,,,,
TALBROAUTO,,,,
TALWALKARS,,,,
TALWGYM,,,,
TANFACIND,,,,
TANLA,,,,
TANTIACONS,,,,
TARAJEWELS,,,,
TARAPUR,,,,
TARC,,,,
TARMAT,,,,
TARSONS,,,,
TASTYBITE,,,,
TATACHEM,,,,
TATACOFFEE,,,,
TATACOMM,,,,
TATACONSUM,,,,
TATAELXSI,,,,
TATAINVEST,Financial Services,Financial Services,Finance,Investment Company
TATAMETALI,,,,
TATAMOTORS,,,,
TATAMTRDVR,,,,
TATAPOWER,Utilities,Power,Power,Electric Utilities
TATASTEEL,,,,
TATASTLBSL,,,,
TATASTLLP,,,,
TATVA,,,,
TBZ,,,,
TCI,,,,
TCIDEVELOP,,,,
TCIEXP,,,,
TCIFINANCE,Financial Services,Financial Services,Finance,Non Banking Financial Company (NBFC)
TCNSBRANDS,,,,
TCPLPACK,,,,
TCPLTD,also in the business segment of Power,,,
TCS,,,,
TDPOWERSYS,,,,
TEAMLEASE,,,,
TECH,Financial Services,Financial Services,Capital Markets,Mutual Fund Scheme
TECHIN,,,,
TECHM,,,,
TECHNO,"electrical power generation, transmission, and distribution",,,
TECHNOE,"electrical power generation, transmission, and distribution",,,
TECHNOFAB,,,,
TECPRO,,,,
TEGA,,,,
TEJASNET,,,,
TELEDATAIT,,,,
TELEMARINE,,,,
TEMBO,,,,
TERASOFT,,,,
TEXINFRA,,,,
TEXMOPIPES,,,,
TEXRAIL,,,,
TFCILTD,Financial Services,Financial Services,Finance,Financial Institution
TFL,Financial Services,Financial Services,Finance,Non Banking Financial Company (NBFC)
TGBHOTELS,,,,
THANGAMAYL,,,,
THEBYKE,,,,
THEINVEST,Financial Services,Financial Services,Finance,Other Financial Services
THEMISMED,,,,
THERMAX,,,,
THIRUSUGAR,,,,
THOMASCOOK,,,,
THOMASCOTT,,,,
THYROCARE,,,,
TI,,,,
TIDEWATER,,,,
TIIL,,,,
TIINDIA,,,,
TIJARIA,,,,
TIL,,,,
TIMBOR,,,,
TIMESGTY,Financial Services,Financial Services,Finance,Non Banking Financial Company (NBFC)
TIMETECHNO,,,,
TIMKEN,,,,
TINPLATE,,,,
TIPSINDLTD,,,,
TIRUMALCHM,,,,
TIRUPATIFL,,,,
TITAN,,,,
TMRVL,,,,
TNIDETF,Financial Services,Financial Services,Capital Markets,Mutual Fund Scheme
TNPETRO,,,,
TNPL,,,,
TNTELE,,,,
TODAYS,,,,
TOKYOPLAST,,,,
TORNTPHARM,,,,
TORNTPOWER,Utilities,Power,Power,Electric Utilities
TOTAL,,,,
TOUCHWOOD,,,,
TPLPLASTEH,,,,
TRAIL-RE,RE,,,
TREADS,,,,
TREEHOUSE,,,,
TREJHARA,,,,
TRENT,,,,
TRF,,,,
TRICOM,,,,
TRIDENT,,,,
TRIGYN,,,,
TRIL,,,,
TRITURBINE,,,,
TRIVENI,,,,
TTKHEALTH,,,,
TTKHLTCARE,,,,
TTKPRESTIG,,,,
TTL,,,,
TTML,,,,
TUBEINVEST,,,,
TULIP,,,,
TULSI,,,,
TULSYAN,,,,
TV-18,,,,
TV18BRDCST,,,,
TVSELECT,,,,
TVSMOTOR,,,,
TVSSRICHAK,,,,
TVTODAY,,,,
TVVISION,,,,
TWILITAKA,,,,
TWL,,,,
UBENGG,,,,
UBHOLDINGS,,,,
UBL,,,,
UCALFUEL,,,,
UCOBANK,Financial Services,Financial Services,Banks,Public Sector Bank
UDAICEMENT,,,,
UFLEX,,,,
UFO,,,,
UGARSUGAR,,,,
UGROCAP,Financial Services,Financial Services,Finance,Non Banking Financial Company (NBFC)
UJAAS,,,,
UJJIVAN,Financial Services,Financial Services,Finance,Non Banking Financial Company (NBFC)
UJJIVANSFB,Financial Services,Financial Services,Banks,Other Bank
ULTRACEMCO,,,,
UMAEXPORTS,,,,
UMANGDAIRY,,,,
UMESLTD,,,,
UNICHEMLAB,,,,
UNIDT,,,,
UNIENTER,,,,
UNIINFO,,,,
UNIONBANK,Financial Services,Financial Services,Banks,Public Sector Bank
UNIPLY,,,,
UNITECH,,,,
UNITEDBNK,UNITED BANK OF INDIA,,,
UNITEDPOLY,,,,
UNITEDTEA,,,,
UNITY,,,,
UNIVASTU,,,,
UNIVCABLES,,,,
UNIVPHOTO,,,,
UPERGANGES,,,,
UPL,,,,
URJA,,,,
URJA-RE,RE,,,
USHAMART,,,,
USHERAGRO,,,,
UTIAMC,Financial Services,Financial Services,Capital Markets,Asset Management Company
UTIBANKETF,Financial Services,Financial Services,Capital Markets,Mutual Fund Scheme
UTINEXT50,UTI MUTUAL FUND - UTI NIFTY NEXT 50 EXCHANGE TRADED FUND - UTI NIFTY N,,,
UTINIFTETF,Financial Services,Financial Services,Capital Markets,Mutual Fund Scheme
UTISENSETF,Financial Services,Financial Services,Capital Markets,Mutual Fund Scheme
UTISUNDER,UTI MUTUAL FUND,,,
UTISXN50,UTI S&P BSE SENSEX NEXT 50 ETF,,,
UTTAMSTL,,,,
UTTAMSUGAR,,,,
UTTAMVALUE,,,,
UTVSOF,,,,
UVSL,,,,
V2RETAIL,,,,
VADILALIND,,,,
VAIBHAVGBL,,,,
VAISHALI,,,,
VAKRANGEE,,,,
VALECHAENG,,,,
VALIANTORG,,,,
VALUEIND,,,,
VARDHACRLC,,,,
VARDMNPOLY,,,,
VARROC,,,,
VARUN,,,,
VARUNSHIP,,,,
VASCONEQ,,,,
VASWANI,,,,
VBL,,,,
VCL,,,,
VECO-RE,RE,,,
VECO-RE1,RE,,,
VEDL,,,,
VENKEYS,,,,
VENUSPIPES,,,,
VENUSREM,,,,
VERANDA,,,,
VERTOZ,,,,
VESUVIUS,,,,
VETO,,,,
VGUARD,,,,
VHL,Financial Services,Financial Services,Finance,Non Banking Financial Company (NBFC)
VICEROY,,,,
VIDEOIND,,,,
VIDHIING,,,,
VIJAYA,,,,
VIJAYABANK,VIJAYA BANK,,,
VIJIFIN,Financial Services,Financial Services,Finance,Non Banking Financial Company (NBFC)
VIJSHAN,,,,
VIKASECO,,,,
VIKASHMET,,,,
VIKASLIFE,,,,
VIKASPROP,,,,
VIKASWSP,,,,
VIMALOIL,,,,
VIMTALABS,,,,
VINATIORGA,,,,
VINDHYATEL,,,,
VINEETLAB,,,,
VINYLINDIA,,,,
VIPCLOTHNG,,,,
VIPIND,,,,
VIPUL,,,,
VIPULLTD,,,,
VISAKAIND,,,,
VISASTEEL,,,,
VISESHINFO,,,,
VISHAL,,,,
VISHNU,,,,
VISHWARAJ,,,,
VISUINTL,,,,
VIVIDHA,,,,
VIVIMEDLAB,,,,
VKSPL,,,,
VLIFE-RE,RE,,,
VLIFE-RE1,RE,,,
VLSFINANCE,Financial Services,Financial Services,Finance,Investment Company
VMART,,,,
VOLTAMP,,,,
VOLTAS,,,,
VRLLOG,,,,
VSSL,,,,
VSTIND,,,,
VSTTILLERS,,,,
VTL,,,,
VTMLTD,,,,
VTXIND,,,,
WABAG,Utilities,Utilities,Other Utilities,Water Supply & Management
WALCHANNAG,,,,
WANBURY,,,,
WATERBASE,,,,
WEALTH,Financial Services,Financial Services,Finance,Other Financial Services
WEBELSOLAR,,,,
WEIZMANIND,,,,
WELCORP,,,,
WELENT,,,,
WELENTRP,,,,
WELGLOB,,,,
WELINV,Financial Services,Financial Services,Finance,Investment Company
WELSPUNIND,,,,
WENDT,,,,
WESTLIFE,,,,
WEWIN,,,,
WFL,,,,
WHEELS,,,,
WHIRLPOOL,,,,
WILLAMAGOR,Financial Services,Financial Services,Finance,Non Banking Financial Company (NBFC)
WINDLAS,,,,
WINDMACHIN,,,,
WINDSOR,,,,
WINPRO,,,,
WINSOME,,,,
WINSOMEDJ,,,,
WINSOMYARN,,,,
WIPL,,,,
WIPRO,,,,
WOCKH-RE,RE,,,
WOCKPHARMA,,,,
WONDERLA,,,,
WORTH,,,,
WSI,,,,
WSTCSTPAPR,,,,
WYETH,,,,
XCHANGING,,,,
XELPMOC,,,,
XLENERGY,,,,
XPROINDIA,,,,
YAARI,,,,
YESBANK,Financial Services,Financial Services,Banks,Private Sector Bank
YUKEN,,,,
ZANDUREALT,,,,
ZEEL,,,,
ZEELEARN,,,,
ZEEMEDIA,,,,
ZENITHCOMP,,,,
ZENITHEXPO,,,,
ZENITHINFO,,,,
ZENITHSTL,,,,
ZENSARTECH,,,,
ZENTEC,,,,
ZFCVINDIA,,,,
ZICOM,,,,
ZODIAC,,,,
ZODIACLOTH,,,,
ZODJRDMKJ,,,,
ZOMATO,,,,
ZOTA,,,,
ZUARI,,,,
ZUARIGLOB,,,,
ZYDUSLIFE,,,,
ZYDUSWELL,,,,
ZYLOG,,,,
